fn,tid,title,wordsInTitle,url,imdbRating,ratingCount,duration,year,type,nrOfWins,nrOfNominations,nrOfPhotos,nrOfNewsArticles,nrOfUserReviews,nrOfGenre,Action,Adult,Adventure,Animation,Biography,Comedy,Crime,Documentary,Drama,Family,Fantasy,FilmNoir,GameShow,History,Horror,Music,Musical,Mystery,News,RealityTV,Romance,SciFi,Short,Sport,TalkShow,Thriller,War,Western
titles01/tt0012349,tt0012349,Der Vagabund und das Kind (1921),der vagabund und das kind,http://www.imdb.com/title/tt0012349/,8.4,40550,3240,1921,video.movie,1,0,19,96,85,3,0,0,0,0,0,1,0,0,1,1,0,0,0,0,0,0,0,0,0,0,0,0,0,0,0,0,0,0
titles01/tt0015864,tt0015864,Goldrausch (1925),goldrausch,http://www.imdb.com/title/tt0015864/,8.3,45319,5700,1925,video.movie,2,1,35,110,122,3,0,0,1,0,0,1,0,0,0,1,0,0,0,0,0,0,0,0,0,0,0,0,0,0,0,0,0,0
titles01/tt0017136,tt0017136,Metropolis (1927),metropolis,http://www.imdb.com/title/tt0017136/,8.4,81007,9180,1927,video.movie,3,4,67,428,376,2,0,0,0,0,0,0,0,0,1,0,0,0,0,0,0,0,0,0,0,0,0,1,0,0,0,0,0,0
titles01/tt0017925,tt0017925,Der General (1926),der general,http://www.imdb.com/title/tt0017925/,8.3,37521,6420,1926,video.movie,1,1,53,123,219,3,1,0,1,0,0,1,0,0,0,0,0,0,0,0,0,0,0,0,0,0,0,0,0,0,0,0,0,0
titles01/tt0021749,tt0021749,Lichter der Großstadt (1931),lichter der gro stadt,http://www.imdb.com/title/tt0021749/,8.7,70057,5220,1931,video.movie,2,0,38,187,186,3,0,0,0,0,0,1,0,0,1,0,0,0,0,0,0,0,0,0,0,0,1,0,0,0,0,0,0,0
titles01/tt0022100,tt0022100,M (1931),m,http://www.imdb.com/title/tt0022100/,8.5,73726,7020,1931,video.movie,1,0,28,4,254,3,0,0,0,0,0,0,1,0,1,0,0,0,0,0,0,0,0,0,0,0,0,0,0,0,0,1,0,0
titles01/tt0025316,tt0025316,Es geschah in einer Nacht (1934),es geschah in einer nacht,http://www.imdb.com/title/tt0025316/,8.3,46503,6300,1934,video.movie,4,1,40,183,211,2,0,0,0,0,0,1,0,0,0,0,0,0,0,0,0,0,0,0,0,0,1,0,0,0,0,0,0,0
titles01/tt0027977,tt0027977,Moderne Zeiten (1936),moderne zeiten,http://www.imdb.com/title/tt0027977/,8.6,90847,5220,1936,video.movie,3,1,44,27,180,2,0,0,0,0,0,1,0,0,1,0,0,0,0,0,0,0,0,0,0,0,0,0,0,0,0,0,0,0
titles01/tt0031381,tt0031381,Vom Winde verweht (1939),vom winde verweht,http://www.imdb.com/title/tt0031381/,8.2,160414,14280,1939,video.movie,10,6,143,1263,653,3,0,0,0,0,0,0,0,0,1,0,0,0,0,0,0,0,0,0,0,0,1,0,0,0,0,0,1,0
titles01/tt0031679,tt0031679,Mr. Smith geht nach Washington (1939),mr smith geht nach washington,http://www.imdb.com/title/tt0031679/,8.4,58169,7740,1939,video.movie,4,10,34,110,226,1,0,0,0,0,0,0,0,0,1,0,0,0,0,0,0,0,0,0,0,0,0,0,0,0,0,0,0,0
titles01/tt0032138,tt0032138,Der Zauberer von Oz (1939),der zauberer von oz,http://www.imdb.com/title/tt0032138/,8.1,209506,6120,1939,video.movie,6,12,126,2363,477,3,0,0,1,0,0,0,0,0,0,1,1,0,0,0,0,0,0,0,0,0,0,0,0,0,0,0,0,0
titles01/tt0032551,tt0032551,Früchte des Zorns (1940),fr chte des zorns,http://www.imdb.com/title/tt0032551/,8.2,45737,7740,1940,video.movie,6,5,20,135,257,1,0,0,0,0,0,0,0,0,1,0,0,0,0,0,0,0,0,0,0,0,0,0,0,0,0,0,0,0
titles01/tt0032553,tt0032553,Der große Diktator (1940),der gro e diktator,http://www.imdb.com/title/tt0032553/,8.5,87969,7500,1940,video.movie,5,1,37,181,173,3,0,0,0,0,0,1,0,0,1,0,0,0,0,0,0,0,0,0,0,0,0,0,0,0,0,0,1,0
titles01/tt0032976,tt0032976,Rebecca (1940),rebecca,http://www.imdb.com/title/tt0032976/,8.3,65670,7800,1940,video.movie,2,9,47,328,241,3,0,0,0,0,0,0,0,0,1,0,0,0,0,0,0,0,0,1,0,0,0,0,0,0,0,1,0,0
titles01/tt0033467,tt0033467,Citizen Kane (1941),citizen kane,http://www.imdb.com/title/tt0033467/,8.5,228617,7140,1941,video.movie,7,10,103,1439,1101,2,0,0,0,0,0,0,0,0,1,0,0,0,0,0,0,0,0,1,0,0,0,0,0,0,0,0,0,0
titles01/tt0033870,tt0033870,Die Spur des Falken (1941),die spur des falken,http://www.imdb.com/title/tt0033870/,8.2,86012,6000,1941,video.movie,1,0,67,332,294,3,0,0,0,0,0,0,1,0,1,0,0,1,0,0,0,0,0,0,0,0,0,0,0,0,0,0,0,0
titles01/tt0034583,tt0034583,Casablanca (1942),casablanca,http://www.imdb.com/title/tt0034583/,8.6,296802,6120,1942,video.movie,5,6,153,382,960,3,0,0,0,0,0,0,0,0,1,0,0,0,0,0,0,0,0,0,0,0,1,0,0,0,0,0,1,0
titles01/tt0036775,tt0036775,Frau ohne Gewissen (1944),frau ohne gewissen,http://www.imdb.com/title/tt0036775/,8.5,71266,6420,1944,video.movie,3,0,43,231,260,3,0,0,0,0,0,0,1,0,1,0,0,1,0,0,0,0,0,0,0,0,0,0,0,0,0,0,0,0
titles01/tt0036868,tt0036868,Die besten Jahre unseres Lebens (1946),die besten jahre unseres lebens,http://www.imdb.com/title/tt0036868/,8.3,30002,10320,1946,video.movie,13,1,15,129,218,3,0,0,0,0,0,0,0,0,1,0,0,0,0,0,0,0,0,0,0,0,1,0,0,0,0,0,1,0
titles01/tt0038355,tt0038355,Tote schlafen fest (1946),tote schlafen fest,http://www.imdb.com/title/tt0038355/,8.1,50020,6840,1946,video.movie,1,0,52,171,215,3,0,0,0,0,0,0,1,0,0,0,0,1,0,0,0,0,0,1,0,0,0,0,0,0,0,0,0,0
titles01/tt0038650,tt0038650,It's a Wonderful Life (1946),it s a wonderful life,http://www.imdb.com/title/tt0038650/,8.7,197764,7800,1946,video.movie,6,0,65,531,626,3,0,0,0,0,0,0,0,0,1,1,1,0,0,0,0,0,0,0,0,0,0,0,0,0,0,0,0,0
titles01/tt0038787,tt0038787,Berüchtigt (1946),ber chtigt,http://www.imdb.com/title/tt0038787/,8.2,56306,6060,1946,video.movie,2,1,56,102,260,3,0,0,0,0,0,0,0,0,1,0,0,1,0,0,0,0,0,0,0,0,1,0,0,0,0,0,0,0
titles01/tt0040522,tt0040522,Fahrraddiebe (1948),fahrraddiebe,http://www.imdb.com/title/tt0040522/,8.4,63797,5280,1948,video.movie,17,0,17,239,202,1,0,0,0,0,0,0,0,0,1,0,0,0,0,0,0,0,0,0,0,0,0,0,0,0,0,0,0,0
titles01/tt0040746,tt0040746,Cocktail für eine Leiche (1948),cocktail f r eine leiche,http://www.imdb.com/title/tt0040746/,8.1,72370,4800,1948,video.movie,0,0,42,199,283,3,0,0,0,0,0,0,1,0,1,0,0,0,0,0,0,0,0,0,0,0,0,0,0,0,0,1,0,0
titles01/tt0040897,tt0040897,Der Schatz der Sierra Madre (1948),der schatz der sierra madre,http://www.imdb.com/title/tt0040897/,8.4,59298,7560,1948,video.movie,12,4,41,149,190,3,1,0,1,0,0,0,0,0,1,0,0,0,0,0,0,0,0,0,0,0,0,0,0,0,0,0,0,0
titles01/tt0041959,tt0041959,Der dritte Mann (1949),der dritte mann,http://www.imdb.com/title/tt0041959/,8.4,85964,6240,1949,video.movie,3,4,62,338,364,3,0,0,0,0,0,0,0,0,0,0,0,1,0,0,0,0,0,1,0,0,0,0,0,0,0,1,0,0
titles01/tt0042192,tt0042192,Alles über Eva (1950),alles ber eva,http://www.imdb.com/title/tt0042192/,8.4,61738,8280,1950,video.movie,15,15,42,253,276,1,0,0,0,0,0,0,0,0,1,0,0,0,0,0,0,0,0,0,0,0,0,0,0,0,0,0,0,0
titles01/tt0042876,tt0042876,Rashomon (1950),rashomon,http://www.imdb.com/title/tt0042876/,8.4,74219,5280,1950,video.movie,9,2,19,102,238,2,0,0,0,0,0,0,1,0,1,0,0,0,0,0,0,0,0,0,0,0,0,0,0,0,0,0,0,0
titles01/tt0043014,tt0043014,Boulevard der Dämmerung (1950),boulevard der d mmerung,http://www.imdb.com/title/tt0043014/,8.6,102072,6600,1950,video.movie,17,13,58,1033,394,2,0,0,0,0,0,0,0,0,1,0,0,1,0,0,0,0,0,0,0,0,0,0,0,0,0,0,0,0
titles01/tt0044079,tt0044079,Der Fremde im Zug (1951),der fremde im zug,http://www.imdb.com/title/tt0044079/,8.1,69387,5520,1951,video.movie,1,1,42,326,245,3,0,0,0,0,0,0,1,0,0,0,0,1,0,0,0,0,0,0,0,0,0,0,0,0,0,1,0,0
titles01/tt0044706,tt0044706,Zwölf Uhr mittags (1952),zw lf uhr mittags,http://www.imdb.com/title/tt0044706/,8.2,60817,5100,1952,video.movie,12,10,48,361,309,2,0,0,0,0,0,0,0,0,1,0,0,0,0,0,0,0,0,0,0,0,0,0,0,0,0,0,0,1
titles01/tt0044741,tt0044741,Ikiru - Einmal richtig leben (1952),ikiru einmal richtig leben,http://www.imdb.com/title/tt0044741/,8.4,29478,8580,1952,video.movie,5,0,13,57,136,1,0,0,0,0,0,0,0,0,1,0,0,0,0,0,0,0,0,0,0,0,0,0,0,0,0,0,0,0
titles01/tt0045152,tt0045152,Du sollst mein Glücksstern sein (1952),du sollst mein gl cksstern sein,http://www.imdb.com/title/tt0045152/,8.4,108115,6180,1952,video.movie,4,7,61,333,441,3,0,0,0,0,0,1,0,0,0,0,0,0,0,0,0,0,1,0,0,0,1,0,0,0,0,0,0,0
titles01/tt0046250,tt0046250,Ein Herz und eine Krone (1953),ein herz und eine krone,http://www.imdb.com/title/tt0046250/,8.1,69739,7080,1953,video.movie,7,14,50,136,193,3,0,0,0,0,0,1,0,0,1,0,0,0,0,0,0,0,0,0,0,0,1,0,0,0,0,0,0,0
titles01/tt0046359,tt0046359,Stalag 17 (1953),stalag,http://www.imdb.com/title/tt0046359/,8.1,36013,6960,1953,video.movie,1,4,23,67,130,3,0,0,0,0,0,1,0,0,1,0,0,0,0,0,0,0,0,0,0,0,0,0,0,0,0,0,1,0
titles01/tt0046911,tt0046911,Die Teuflischen (1955),die teuflischen,http://www.imdb.com/title/tt0046911/,8.3,29309,6840,1955,video.movie,4,0,20,77,135,3,0,0,0,0,0,0,0,0,0,0,0,0,0,0,1,0,0,1,0,0,0,0,0,0,0,1,0,0
titles01/tt0046912,tt0046912,Bei Anruf Mord (1954),bei anruf mord,http://www.imdb.com/title/tt0046912/,8.2,72579,6300,1954,video.movie,3,2,51,232,223,2,0,0,0,0,0,0,1,0,0,0,0,0,0,0,0,0,0,0,0,0,0,0,0,0,0,1,0,0
titles01/tt0047296,tt0047296,Die Faust im Nacken (1954),die faust im nacken,http://www.imdb.com/title/tt0047296/,8.3,74023,6480,1954,video.movie,21,7,45,352,255,2,0,0,0,0,0,0,1,0,1,0,0,0,0,0,0,0,0,0,0,0,0,0,0,0,0,0,0,0
titles01/tt0047396,tt0047396,Das Fenster zum Hof (1954),das fenster zum hof,http://www.imdb.com/title/tt0047396/,8.6,229323,6720,1954,video.movie,6,6,98,711,580,2,0,0,0,0,0,0,0,0,0,0,0,0,0,0,0,0,0,1,0,0,0,0,0,0,0,1,0,0
titles01/tt0047478,tt0047478,Die sieben Samurai (1954),die sieben samurai,http://www.imdb.com/title/tt0047478/,8.8,172690,12420,1954,video.movie,4,5,33,576,548,2,1,0,0,0,0,0,0,0,1,0,0,0,0,0,0,0,0,0,0,0,0,0,0,0,0,0,0,0
titles01/tt0047528,tt0047528,Das Lied der Straße (1954),das lied der stra e,http://www.imdb.com/title/tt0047528/,8.2,35143,6480,1954,video.movie,10,4,25,108,108,1,0,0,0,0,0,0,0,0,1,0,0,0,0,0,0,0,0,0,0,0,0,0,0,0,0,0,0,0
titles01/tt0048424,tt0048424,Die Nacht des Jägers (1955),die nacht des j gers,http://www.imdb.com/title/tt0048424/,8.1,47739,5580,1955,video.movie,1,0,42,152,322,3,0,0,0,0,0,0,1,0,0,0,0,1,0,0,0,0,0,0,0,0,0,0,0,0,0,1,0,0
titles01/tt0049406,tt0049406,Killing (1956),killing,http://www.imdb.com/title/tt0049406/,8.1,47740,5100,1956,video.movie,0,0,21,59,304,3,0,0,0,0,0,0,1,0,0,0,0,1,0,0,0,0,0,0,0,0,0,0,0,0,0,1,0,0
titles01/tt0050083,tt0050083,Die zwölf Geschworenen (1957),die zw lf geschworenen,http://www.imdb.com/title/tt0050083/,8.9,293725,5760,1957,video.movie,16,6,31,68,726,1,0,0,0,0,0,0,0,0,1,0,0,0,0,0,0,0,0,0,0,0,0,0,0,0,0,0,0,0
titles01/tt0050212,tt0050212,Die Brücke am Kwai (1957),die br cke am kwai,http://www.imdb.com/title/tt0050212/,8.3,109972,9660,1957,video.movie,24,5,59,160,243,3,0,0,1,0,0,0,0,0,1,0,0,0,0,0,0,0,0,0,0,0,0,0,0,0,0,0,1,0
titles01/tt0050825,tt0050825,Wege zum Ruhm (1957),wege zum ruhm,http://www.imdb.com/title/tt0050825/,8.5,84945,5280,1957,video.movie,3,2,26,208,313,2,0,0,0,0,0,0,0,0,1,0,0,0,0,0,0,0,0,0,0,0,0,0,0,0,0,0,1,0
titles01/tt0050976,tt0050976,Das siebente Siegel (1957),das siebente siegel,http://www.imdb.com/title/tt0050976/,8.3,80684,5760,1957,video.movie,7,1,28,193,236,2,0,0,0,0,0,0,0,0,1,0,1,0,0,0,0,0,0,0,0,0,0,0,0,0,0,0,0,0
titles01/tt0050986,tt0050986,Wilde Erdbeeren (1957),wilde erdbeeren,http://www.imdb.com/title/tt0050986/,8.3,45457,5460,1957,video.movie,12,2,29,107,130,1,0,0,0,0,0,0,0,0,1,0,0,0,0,0,0,0,0,0,0,0,0,0,0,0,0,0,0,0
titles01/tt0051201,tt0051201,Zeugin der Anklage (1957),zeugin der anklage,http://www.imdb.com/title/tt0051201/,8.5,40385,6960,1957,video.movie,3,8,23,32,172,3,0,0,0,0,0,0,1,0,1,0,0,0,0,0,0,0,0,1,0,0,0,0,0,0,0,0,0,0
titles01/tt0052311,tt0052311,Im Zeichen des Bösen (1958),im zeichen des b sen,http://www.imdb.com/title/tt0052311/,8.2,55474,5700,1958,video.movie,3,1,28,211,245,3,0,0,0,0,0,0,1,0,0,0,0,1,0,0,0,0,0,0,0,0,0,0,0,0,0,1,0,0
titles01/tt0052357,tt0052357,Vertigo - Aus dem Reich der Toten (1958),vertigo aus dem reich der toten,http://www.imdb.com/title/tt0052357/,8.5,176267,7680,1958,video.movie,6,3,106,671,618,3,0,0,0,0,0,0,0,0,0,0,0,0,0,0,0,0,0,1,0,0,1,0,0,0,0,1,0,0
titles01/tt0052618,tt0052618,Ben Hur (1959),ben hur,http://www.imdb.com/title/tt0052618/,8.2,115402,12720,1959,video.movie,20,5,79,193,340,2,0,0,1,0,0,0,0,0,1,0,0,0,0,0,0,0,0,0,0,0,0,0,0,0,0,0,0,0
titles01/tt0053125,tt0053125,Der unsichtbare Dritte (1959),der unsichtbare dritte,http://www.imdb.com/title/tt0053125/,8.5,166029,8160,1959,video.movie,7,4,85,644,466,3,1,0,1,0,0,0,0,0,0,0,0,0,0,0,0,0,0,1,0,0,0,0,0,0,0,0,0,0
titles01/tt0053198,tt0053198,Sie küßten und sie schlugen ihn (1959),sie k ten und sie schlugen ihn,http://www.imdb.com/title/tt0053198/,8.2,49996,5940,1959,video.movie,6,3,36,178,159,2,0,0,0,0,0,0,1,0,1,0,0,0,0,0,0,0,0,0,0,0,0,0,0,0,0,0,0,0
titles01/tt0053291,tt0053291,Manche mögen's heiß (1959),manche m gen s hei,http://www.imdb.com/title/tt0053291/,8.4,129721,7200,1959,video.movie,12,8,96,546,329,1,0,0,0,0,0,1,0,0,0,0,0,0,0,0,0,0,0,0,0,0,0,0,0,0,0,0,0,0
titles01/tt0053604,tt0053604,Das Appartement (1960),das appartement,http://www.imdb.com/title/tt0053604/,8.4,77601,7500,1960,video.movie,18,8,36,211,221,3,0,0,0,0,0,1,0,0,1,0,0,0,0,0,0,0,0,0,0,0,1,0,0,0,0,0,0,0
titles01/tt0053779,tt0053779,Das süße Leben (1960),das s e leben,http://www.imdb.com/title/tt0053779/,8.1,35788,10440,1960,video.movie,8,12,51,350,149,2,0,0,0,0,0,1,0,0,1,0,0,0,0,0,0,0,0,0,0,0,0,0,0,0,0,0,0,0
titles01/tt0054215,tt0054215,Psycho (1960),psycho,http://www.imdb.com/title/tt0054215/,8.6,296676,6540,1960,video.movie,6,5,156,2059,885,3,0,0,0,0,0,0,0,0,0,0,0,0,0,0,1,0,0,1,0,0,0,0,0,0,0,1,0,0
titles01/tt0054997,tt0054997,Haie der Großstadt (1961),haie der gro stadt,http://www.imdb.com/title/tt0054997/,8.1,47138,8040,1961,video.movie,15,14,29,130,145,2,0,0,0,0,0,0,0,0,1,0,0,0,0,0,0,0,0,0,0,0,0,0,0,1,0,0,0,0
titles01/tt0055031,tt0055031,Das Urteil von Nürnberg (1961),das urteil von n rnberg,http://www.imdb.com/title/tt0055031/,8.3,28790,11160,1961,video.movie,17,21,30,98,156,3,0,0,0,0,0,0,0,0,1,0,0,0,0,1,0,0,0,0,0,0,0,0,0,0,0,0,1,0
titles01/tt0055630,tt0055630,Die Leibwache (1961),die leibwache,http://www.imdb.com/title/tt0055630/,8.4,53475,6600,1961,video.movie,4,1,23,144,139,2,1,0,1,0,0,0,0,0,0,0,0,0,0,0,0,0,0,0,0,0,0,0,0,0,0,0,0,0
titles01/tt0056172,tt0056172,Lawrence von Arabien (1962),lawrence von arabien,http://www.imdb.com/title/tt0056172/,8.4,140727,12960,1962,video.movie,20,13,91,929,509,3,0,0,1,0,1,0,0,0,1,0,0,0,0,0,0,0,0,0,0,0,0,0,0,0,0,0,0,0
titles01/tt0056592,tt0056592,Wer die Nachtigall stört (1962),wer die nachtigall st rt,http://www.imdb.com/title/tt0056592/,8.4,154978,7740,1962,video.movie,12,12,49,524,407,3,0,0,0,0,0,0,1,0,1,0,0,0,0,0,0,0,0,1,0,0,0,0,0,0,0,0,0,0
titles01/tt0056801,tt0056801,Achteinhalb (1963),achteinhalb,http://www.imdb.com/title/tt0056801/,8.2,58426,8280,1963,video.movie,14,8,41,22,202,2,0,0,0,0,0,0,0,0,1,0,1,0,0,0,0,0,0,0,0,0,0,0,0,0,0,0,0,0
titles01/tt0057012,tt0057012,Dr. Seltsam\, oder wie ich lernte\, die Bombe zu lieben (1964),dr seltsam oder wie ich lernte die bombe zu lieben,http://www.imdb.com/title/tt0057012/,8.6,263157,5700,1964,video.movie,13,4,56,432,782,2,0,0,0,0,0,1,0,0,0,0,0,0,0,0,0,0,0,0,0,0,0,0,0,0,0,0,1,0
titles01/tt0057115,tt0057115,Gesprengte Ketten (1963),gesprengte ketten,http://www.imdb.com/title/tt0057115/,8.3,120161,10320,1963,video.movie,4,4,164,309,285,3,0,0,1,0,0,0,0,0,1,0,0,0,0,1,0,0,0,0,0,0,0,0,0,0,0,0,0,0
titles01/tt0058461,tt0058461,Für eine Handvoll Dollar (1964),f r eine handvoll dollar,http://www.imdb.com/title/tt0058461/,8.1,92532,5940,1964,video.movie,1,1,71,206,215,1,0,0,0,0,0,0,0,0,0,0,0,0,0,0,0,0,0,0,0,0,0,0,0,0,0,0,0,1
titles01/tt0058946,tt0058946,Schlacht um Algier (1966),schlacht um algier,http://www.imdb.com/title/tt0058946/,8.2,25876,7260,1966,video.movie,9,3,11,129,236,3,0,0,0,0,0,0,1,0,1,0,0,0,0,1,0,0,0,0,0,0,0,0,0,0,0,0,0,0
titles01/tt0059578,tt0059578,Für ein paar Dollar mehr (1965),f r ein paar dollar mehr,http://www.imdb.com/title/tt0059578/,8.4,104305,7920,1965,video.movie,0,0,56,102,201,1,0,0,0,0,0,0,0,0,0,0,0,0,0,0,0,0,0,0,0,0,0,0,0,0,0,0,0,1
titles01/tt0060196,tt0060196,Zwei glorreiche Halunken (1966),zwei glorreiche halunken,http://www.imdb.com/title/tt0060196/,9.0,354997,9660,1966,video.movie,1,0,189,11,684,2,0,0,1,0,0,0,0,0,0,0,0,0,0,0,0,0,0,0,0,0,0,0,0,0,0,0,0,1
titles01/tt0060827,tt0060827,Persona (1966),persona,http://www.imdb.com/title/tt0060827/,8.2,40639,5100,1966,video.movie,8,1,21,92,149,1,0,0,0,0,0,0,0,0,1,0,0,0,0,0,0,0,0,0,0,0,0,0,0,0,0,0,0,0
titles01/tt0061184,tt0061184,Wer hat Angst vor Virginia Woolf? (1966),wer hat angst vor virginia woolf,http://www.imdb.com/title/tt0061184/,8.2,41330,7860,1966,video.movie,20,18,72,10,213,1,0,0,0,0,0,0,0,0,1,0,0,0,0,0,0,0,0,0,0,0,0,0,0,0,0,0,0,0
titles01/tt0061512,tt0061512,Der Unbeugsame (1967),der unbeugsame,http://www.imdb.com/title/tt0061512/,8.2,90643,7560,1967,video.movie,5,6,42,229,249,2,0,0,0,0,0,0,1,0,1,0,0,0,0,0,0,0,0,0,0,0,0,0,0,0,0,0,0,0
titles01/tt0061722,tt0061722,Die Reifeprüfung (1967),die reifepr fung,http://www.imdb.com/title/tt0061722/,8.1,161502,6360,1967,video.movie,20,13,94,329,573,3,0,0,0,0,0,1,0,0,1,0,0,0,0,0,0,0,0,0,0,0,1,0,0,0,0,0,0,0
titles01/tt0062622,tt0062622,2001: Odyssee im Weltraum (1968),odyssee im weltraum,http://www.imdb.com/title/tt0062622/,8.3,295641,9600,1968,video.movie,12,6,174,28,1568,3,0,0,1,0,0,0,0,0,0,0,0,0,0,0,0,0,0,1,0,0,0,1,0,0,0,0,0,0
titles01/tt0064115,tt0064115,Butch Cassidy und Sundance Kid (1969),butch cassidy und sundance kid,http://www.imdb.com/title/tt0064115/,8.2,111087,6600,1969,video.movie,18,12,51,508,281,3,0,0,1,0,1,0,1,0,0,0,0,0,0,0,0,0,0,0,0,0,0,0,0,0,0,0,0,0
titles01/tt0064116,tt0064116,Spiel mir das Lied vom Tod (1968),spiel mir das lied vom tod,http://www.imdb.com/title/tt0064116/,8.7,158065,10500,1968,video.movie,5,4,61,277,518,1,0,0,0,0,0,0,0,0,0,0,0,0,0,0,0,0,0,0,0,0,0,0,0,0,0,0,0,1
titles01/tt0066921,tt0066921,Uhrwerk Orange (1971),uhrwerk orange,http://www.imdb.com/title/tt0066921/,8.4,386962,8160,1971,video.movie,11,13,80,1076,1250,3,0,0,0,0,0,0,1,0,1,0,0,0,0,0,0,0,0,0,0,0,0,1,0,0,0,0,0,0
titles01/tt0068646,tt0068646,Der Pate (1972),der pate,http://www.imdb.com/title/tt0068646/,9.2,821410,10500,1972,video.movie,29,19,148,1307,1751,2,0,0,0,0,0,0,1,0,1,0,0,0,0,0,0,0,0,0,0,0,0,0,0,0,0,0,0,0
titles01/tt0070735,tt0070735,Der Clou (1973),der clou,http://www.imdb.com/title/tt0070735/,8.4,127640,7740,1973,video.movie,10,6,67,275,224,3,0,0,0,0,0,1,1,0,1,0,0,0,0,0,0,0,0,0,0,0,0,0,0,0,0,0,0,0
titles01/tt0071315,tt0071315,Chinatown (1974),chinatown,http://www.imdb.com/title/tt0071315/,8.3,159935,7800,1974,video.movie,20,22,73,547,412,3,0,0,0,0,0,0,0,0,1,0,0,0,0,0,0,0,0,1,0,0,0,0,0,0,0,1,0,0
titles01/tt0071562,tt0071562,Der Pate 2 (1974),der pate,http://www.imdb.com/title/tt0071562/,9.1,541351,12000,1974,video.movie,11,16,73,197,565,2,0,0,0,0,0,0,1,0,1,0,0,0,0,0,0,0,0,0,0,0,0,0,0,0,0,0,0,0
titles01/tt0071853,tt0071853,Die Ritter der Kokosnuß (1975),die ritter der kokosnu,http://www.imdb.com/title/tt0071853/,8.4,284563,5460,1975,video.movie,0,0,48,260,613,3,0,0,1,0,0,1,0,0,0,0,1,0,0,0,0,0,0,0,0,0,0,0,0,0,0,0,0,0
titles01/tt0072684,tt0072684,Barry Lyndon (1975),barry lyndon,http://www.imdb.com/title/tt0072684/,8.1,74677,11040,1975,video.movie,15,11,34,253,341,1,0,0,0,0,0,0,0,0,1,0,0,0,0,0,0,0,0,0,0,0,0,0,0,0,0,0,0,0
titles01/tt0072890,tt0072890,Hundstage (1975),hundstage,http://www.imdb.com/title/tt0072890/,8.1,137696,7500,1975,video.movie,13,17,35,438,228,2,0,0,0,0,0,0,1,0,1,0,0,0,0,0,0,0,0,0,0,0,0,0,0,0,0,0,0,0
titles01/tt0073195,tt0073195,Der weiße Hai (1975),der wei e hai,http://www.imdb.com/title/tt0073195/,8.1,290528,7440,1975,video.movie,9,14,95,1497,880,3,0,0,1,0,0,0,0,0,0,0,0,0,0,0,1,0,0,0,0,0,0,0,0,0,0,1,0,0
titles01/tt0073486,tt0073486,Einer flog über das Kuckucksnest (1975),einer flog ber das kuckucksnest,http://www.imdb.com/title/tt0073486/,8.8,492141,7980,1975,video.movie,30,12,59,397,675,1,0,0,0,0,0,0,0,0,1,0,0,0,0,0,0,0,0,0,0,0,0,0,0,0,0,0,0,0
titles01/tt0074958,tt0074958,Network (1976),network,http://www.imdb.com/title/tt0074958/,8.2,75434,7260,1976,video.movie,22,19,49,366,295,1,0,0,0,0,0,0,0,0,1,0,0,0,0,0,0,0,0,0,0,0,0,0,0,0,0,0,0,0
titles01/tt0075148,tt0075148,Rocky (1976),rocky,http://www.imdb.com/title/tt0075148/,8.1,243942,7140,1976,video.movie,17,20,105,1161,479,2,0,0,0,0,0,0,0,0,1,0,0,0,0,0,0,0,0,0,0,0,0,0,0,1,0,0,0,0
titles01/tt0075314,tt0075314,Taxi Driver (1976),taxi driver,http://www.imdb.com/title/tt0075314/,8.4,351181,6780,1976,video.movie,26,9,80,1830,768,2,0,0,0,0,0,0,1,0,1,0,0,0,0,0,0,0,0,0,0,0,0,0,0,0,0,0,0,0
titles01/tt0075686,tt0075686,Der Stadtneurotiker (1977),der stadtneurotiker,http://www.imdb.com/title/tt0075686/,8.2,138617,5580,1977,video.movie,26,7,41,37,408,2,0,0,0,0,0,1,0,0,0,0,0,0,0,0,0,0,0,0,0,0,1,0,0,0,0,0,0,0
titles01/tt0076759,tt0076759,Krieg der Sterne (1977),krieg der sterne,http://www.imdb.com/title/tt0076759/,8.7,631839,7260,1977,video.movie,35,26,190,23660,1325,3,1,0,1,0,0,0,0,0,0,0,1,0,0,0,0,0,0,0,0,0,0,0,0,0,0,0,0,0
titles01/tt0077416,tt0077416,Die durch die Hölle gehen (1978),die durch die h lle gehen,http://www.imdb.com/title/tt0077416/,8.2,174642,10920,1978,video.movie,21,17,39,488,949,2,0,0,0,0,0,0,0,0,1,0,0,0,0,0,0,0,0,0,0,0,0,0,0,0,0,0,1,0
titles01/tt0078748,tt0078748,Alien - Das unheimliche Wesen aus einer fremden Welt (1979),alien das unheimliche wesen aus einer fremden welt,http://www.imdb.com/title/tt0078748/,8.5,391737,7020,1979,video.movie,12,18,126,5671,991,2,0,0,0,0,0,0,0,0,0,0,0,0,0,0,1,0,0,0,0,0,0,1,0,0,0,0,0,0
titles01/tt0078788,tt0078788,Apocalypse Now (1979),apocalypse now,http://www.imdb.com/title/tt0078788/,8.5,333178,9180,1979,video.movie,17,30,76,1356,896,2,0,0,0,0,0,0,0,0,1,0,0,0,0,0,0,0,0,0,0,0,0,0,0,0,0,0,1,0
titles01/tt0079470,tt0079470,Das Leben des Brian (1979),das leben des brian,http://www.imdb.com/title/tt0079470/,8.2,198548,5640,1979,video.movie,0,0,46,275,298,1,0,0,0,0,0,1,0,0,0,0,0,0,0,0,0,0,0,0,0,0,0,0,0,0,0,0,0,0
titles01/tt0079944,tt0079944,Stalker (1979),stalker,http://www.imdb.com/title/tt0079944/,8.2,47589,9780,1979,video.movie,2,1,15,34,253,2,0,0,0,0,0,0,0,0,1,0,0,0,0,0,0,0,0,0,0,0,0,1,0,0,0,0,0,0
titles01/tt0080678,tt0080678,Der Elefantenmensch (1980),der elefantenmensch,http://www.imdb.com/title/tt0080678/,8.3,120156,7440,1980,video.movie,10,13,36,242,325,2,0,0,0,0,1,0,0,0,1,0,0,0,0,0,0,0,0,0,0,0,0,0,0,0,0,0,0,0
titles01/tt0080684,tt0080684,Das Imperium schlägt zurück (1980),das imperium schl gt zur ck,http://www.imdb.com/title/tt0080684/,8.8,563252,7440,1980,video.movie,12,16,105,1774,764,3,1,0,1,0,0,0,0,0,0,0,0,0,0,0,0,0,0,0,0,0,0,1,0,0,0,0,0,0
titles01/tt0081398,tt0081398,Wie ein wilder Stier (1980),wie ein wilder stier,http://www.imdb.com/title/tt0081398/,8.3,172854,7740,1980,video.movie,26,19,51,1478,454,3,0,0,0,0,1,0,0,0,1,0,0,0,0,0,0,0,0,0,0,0,0,0,0,1,0,0,0,0
